LOCUS,SNP
cg03312565,rs79814943
cg03170670,rs77952619
cg16013670,rs3834002
cg21991633,rs4804436
cg11213690,rs1636354
cg25198340,rs17235834
cg08296903,rs55736359
cg22610645,rs10437954
cg09851343,rs75444029
cg10427868,rs7910559
cg11211563,rs10437954
cg07350016,rs76881944
cg12681370,rs75867385
cg16147932,rs4996691
cg18675097,rs41269289
cg16430687,rs2069948
cg14231297,rs8109359
cg06429887,rs7152133
cg11510131,rs67614738
cg02196651,rs7691817
cg02989230,rs77736321
cg05241143,rs79770327
cg21146170,rs11136380
cg14504768,rs34823840
cg04396850,rs28470696
cg05691833,rs6858
cg08658787,rs7967611
cg07450698,rs71168161
cg01577083,rs12596488
cg06592987,rs13233043
cg13494087,rs11790981
cg05845376,rs7724001
cg26504529,rs79017989
cg21048162,rs2540106
cg19795722,rs78227474
cg15932610,rs741647
cg16298813,rs12081983
cg06381455,rs76575045
cg15791248,rs17182044
cg07204662,rs2276014
cg05434287,rs78394594
cg09527670,rs34131317
cg05184519,rs34865876
cg11465213,rs74863218
cg26474124,rs11685382
cg27409154,rs711314
cg10715092,rs33994342
cg02859866,rs3814670
cg09887059,rs7967611
cg25839439,rs10158489
cg02456804,rs61740243
cg07746882,rs76847198
cg09932955,rs59139889
cg08650290,rs6894866
cg08122369,rs9895637
cg15513708,rs3625
cg05548130,rs1377268
cg10300864,rs34332328
cg07028396,rs77303354
cg20395967,rs33994342
cg07000514,rs79315115
cg06812760,rs61945707
cg18029590,rs61754909
cg26516532,rs74058903
cg16201003,rs11060914
cg15153957,rs79228552
cg08443563,rs7607108
cg23740491,rs9368493
cg01699819,rs55736553
cg22188918,rs12532195
cg16659728,rs7926802
cg23020514,rs74082956
cg04150495,rs33994342
cg07155724,rs8014967
cg01129262,rs77282698
ch.20.1295406F,rs6025700
cg00910715,rs35510430
cg22664425,rs7805927
cg01774019,rs78880525
ch.6.2925136R,rs80050796
cg21877907,rs2048055
cg15954046,rs58389804
cg20499290,rs12358108
cg23679982,rs80084044
cg09513990,rs77691639
cg15713389,rs75086500
cg13293643,rs11778654
cg11624345,rs34439654
cg05336188,rs1024447
cg11500790,rs77997406
cg09338032,rs7966707
cg00777546,rs17806996
cg03419151,rs79926030
cg17157798,rs76610610
cg26687579,rs61762077
cg25196296,rs13274853
cg20129806,rs10896285
cg22969108,rs77465066
cg10487221,rs7352034
cg10996368,rs72405177
cg10661615,rs35347546
cg20975682,rs12582420
cg11731300,rs3766383
cg26434290,rs76839640
cg27128761,rs6874468
cg06987369,rs34376515
cg09013975,rs77099334
cg16634404,rs2975108
cg19619405,rs275603
cg25596287,rs12239131
cg11612647,rs12414879
cg25083091,rs4841442
cg20256009,rs74115415
cg24333364,rs11059672
cg16616918,rs35794738
cg16118387,rs55961233
cg16985023,rs80141872
cg00514514,rs28655274
cg08877269,rs34228466
cg08844325,rs4627537
cg10821841,rs7325836
cg12290311,rs60805730
cg18685330,rs1558003
cg11849281,rs702843
cg11394785,rs75759006
cg27649348,rs11951144
cg05730368,rs34415451
cg02531437,rs35347546
cg11751344,rs79636629
cg19605592,rs10839892
cg21587837,rs3130062
cg11753366,rs79928686
cg02650767,rs12028142
cg04221117,rs76074886
cg00350503,rs2900966
cg21003606,rs76424426
cg03558688,rs79418809
cg10842913,rs77099835
cg26407917,rs76443359
cg23111655,rs1472569
cg00336320,rs77449948
cg14288213,rs3170474
cg27512510,rs12117366
cg04783764,rs75516638
cg11286653,rs10791912
cg22198603,rs4714137
cg03887676,rs75803433
cg13509363,rs56267514
cg01156081,rs231677
cg15857627,rs73454553
cg05711710,rs79539979
cg17080882,rs80015193
cg18268547,rs7405453
cg05162202,rs35852409
cg11944284,rs12793537
cg11211197,rs12825991
cg00332937,rs61314305
cg23626762,rs11136386
cg25327343,rs77946807
cg00522579,rs76329422
cg27512727,rs73387427
cg17911539,rs34311016
cg14009759,rs78114003
cg02631126,rs35902873
cg13906823,rs6656547
cg21087427,rs73537293
cg05859264,rs9689522
cg10966582,rs1806514
cg03940098,rs62196805
cg00359395,rs12092414
cg05828624,rs283890
cg02014475,rs76530698
cg08461949,rs56400708
cg18234224,rs74125824
cg00623161,rs79699958
cg25032793,rs59145827
cg06270776,rs73594843
cg07772660,rs1805293
cg01881590,rs12521040
cg01902355,rs7697460
cg18902641,rs77448850
cg05138768,rs77644828
cg16887264,rs61733419
cg17898069,rs59845961
cg20390587,rs75236262
cg12072740,rs896511
cg15285286,rs2865043
cg10503199,rs7086214
cg23883802,rs71361564
cg23165500,rs28723572
cg08698219,rs4627537
cg20640374,rs35114504
cg01390419,rs6480766
cg02007567,rs74559723
cg07486199,rs6120679
cg22927247,rs35508586
cg16891020,rs76289338
cg03760839,rs12035818
cg08201451,rs75606766
cg11436222,rs77998438
cg20145598,rs80173353
cg18236250,rs11945913
cg25366155,rs597782
cg24160823,rs2484230
cg24079381,rs61382501
cg07337598,rs6672625
cg20379825,rs10086551
cg22749589,rs75545769
cg09100014,rs13330025
cg01182430,rs79381274
cg05774978,rs1053423
cg16960046,rs11400844
cg08247552,rs75712360
cg12667595,rs61860421
cg19399165,rs34903248
cg00048381,rs4845383
cg27178772,rs78917993
cg17470251,rs4606079
cg15540820,rs72537449
cg14191953,rs11627238
cg16797656,rs901823
cg25691553,rs71324931
cg26587228,rs74511605
cg00216961,rs6489681
cg01165426,rs57245774
cg15305361,rs28733445
cg19778015,rs6766130
cg20684375,rs77830417
cg21100518,rs56045105
cg18541254,rs11618033
cg17281031,rs11059329
cg27658698,rs73806255
cg14167389,rs77998113
cg22165480,rs11488138
cg08991965,rs61521664
cg19313373,rs34609516
cg27514017,rs76227344
cg03223949,rs77975603
cg14838970,rs75193499
cg19836595,rs28399391
cg02909446,rs16929660
cg19787650,rs72720311
cg00920424,rs77064329
cg03420866,rs55811510
cg15157455,rs584488
cg25384595,rs28526401
cg03465714,rs11584340
cg20051292,rs2980532
cg13097102,rs16845119
cg04384626,rs4861148
cg07591519,rs61804887
cg08975834,rs75562000
cg21241424,rs3809542
cg18790915,rs4683309
cg11938051,rs78455538
cg07511633,rs61730667
cg01577114,rs8010451
cg01412856,rs75783759
cg23058998,rs78578349
cg00845775,rs74085269
cg03226435,rs10909884
cg27300829,rs9332251
cg24809529,rs58557289
cg15588997,rs1049209
cg07313334,rs3009852
ch.2.128865249F,rs6755272
cg04672275,rs10833329
cg19542753,rs77367689
cg18839637,rs76939403
cg24161057,rs6656547
cg00615919,rs73097670
cg12369091,rs77481844
cg07912020,rs76869773
cg17631914,rs28526374
cg26751645,rs35220957
cg06993467,rs58502946
cg05777583,rs75480906
cg07817739,rs1775591
cg02993944,rs11828297
cg09337375,rs76533765
cg03130910,rs79672239
cg12254415,rs79756986
cg05032848,rs9914089
cg25356393,rs11086165
cg24854435,rs71828520
cg20008734,rs11828350
cg20170777,rs4792433
cg27180868,rs78929979
cg07548383,rs76413899
cg23257859,rs2923266
cg13802013,rs220494
cg24694665,rs10518953
cg12338137,rs75332772
cg05922028,rs9429782
cg23845250,rs72438333
cg22121666,rs74652673
cg11137145,rs12061049
cg07999201,rs7667956
cg11190890,rs34295968
cg19409133,rs12239131
cg02905900,rs79477509
cg01213519,rs10068964
cg27445072,rs76584076
cg11490276,rs77017016
cg24092000,rs76922158
cg24547104,rs7465201
cg03606272,rs73458789
cg12360690,rs6080318
cg02953927,rs61734331
cg20720118,rs2076484
cg12883523,rs3180499
cg13323553,rs72610461
cg19419246,rs56382656
cg00158401,rs75240636
cg27362525,rs6502844
cg09705798,rs75739786
cg22852840,rs7741473
cg08582356,rs2072696
cg22291580,rs61156319
cg26053291,rs34513596
cg02368469,rs7946971
cg09516604,rs2322066
cg09798938,rs66588735
cg07177394,rs56170581
cg00888758,rs7533656
cg07083862,rs28909986
cg18997129,rs66685622
cg03129103,rs11760606
cg13994599,rs10139985
cg08779982,rs45517312
cg21551253,rs12821928
cg03486485,rs78119911
cg15328703,rs740329
cg09226888,rs11649589
ch.3.72737075R,rs75243641
cg27559747,rs78166157
cg08066129,rs76738417
cg22635088,rs72710605
cg14528916,rs74998545
cg21451653,rs80154259
cg15027358,rs71582857
cg01009664,rs5656
cg26090045,rs180160
cg03261408,rs6602250
cg15727252,rs73002927
cg20874785,rs73948791
cg04212239,rs74954472
cg16120249,rs79047677
cg02616558,rs62504979
cg04164640,rs76879702
cg18998365,rs10482616
cg08904095,rs75329974
cg13625187,rs16932206
cg12752647,rs16929660
cg01456609,rs4470153
cg17231999,rs4861148
cg23193759,rs10998885
cg06516865,rs75156300
cg11803101,rs7297066
cg21796935,rs74886251
cg14495916,rs72591634
cg07925824,rs1616468
cg07554622,rs11782880
cg03820608,rs2739274
cg11411564,rs80300275
cg21179892,rs76413559
cg21840875,rs17001229
cg09367987,rs10266498
cg17512367,rs75669977
cg09746494,rs73852898
cg11616547,rs209191
cg20288341,rs3749952
cg26611500,rs13154143
cg18032164,rs71720329
cg03812562,rs4043301
cg03543081,rs36033188
cg08409113,rs55772936
cg27287634,rs74579338
cg00858840,rs73015354
cg05165825,rs78608688
cg18998003,rs6061840
cg18421840,rs58896249
cg09803764,rs76420489
cg03770410,rs7264193
cg22669842,rs72027756
cg03131556,rs34562309
cg19067730,rs3817731
cg09309208,rs73567445
cg02850742,rs3088215
cg23411043,rs4889990
cg09450260,rs733720
cg27050031,rs12456117
cg09630090,rs34399639
cg26118553,rs61747361
cg23790942,rs62288287
cg11101032,rs78946917
cg09880665,rs34657193
cg08875705,rs11064253
cg16354522,rs72878031
cg03723787,rs7003650
cg22800743,rs75103995
cg05429448,rs771572
cg16248182,rs72107797
cg18607411,rs9574632
cg20078624,rs7171395
cg04129430,rs7651611
cg07135797,rs10745
cg26202286,rs35585920
cg23082657,rs35453173
cg12291533,rs28377410
cg05343665,rs76413766
cg14387182,rs1268088
cg18393175,rs62434812
cg26530485,rs78096408
cg18741908,rs2287483
cg26817564,rs77398128
cg23219253,rs57553892
cg05921260,rs34998445
cg05850716,rs77368411
cg05452854,rs1672846
cg03194122,rs9997955
cg15058253,rs2628684
cg08019058,rs74805395
cg03103143,rs2799398
cg18605377,rs74187248
cg05720980,rs2004717
cg25972591,rs73579155
cg01962471,rs35291692
cg03727673,rs1772709
cg20869369,rs11540856
cg23484230,rs3123175
cg11715202,rs4759758
cg02467735,rs61758606
cg02506008,rs75056100
cg09841788,rs79724410
cg05971321,rs9925571
cg24381412,rs2176866
cg10763247,rs11925426
cg12934371,rs6993761
cg09235788,rs61805970
cg10959649,rs72255069
cg01586332,rs79115309
cg14042230,rs41302665
cg05910850,rs9673303
cg20617917,rs61730814
cg14281592,rs62578765
cg00472640,rs4991297
cg03632278,rs80301284
cg27321439,rs6017727
cg15852352,rs56704148
cg18930910,rs34779657
cg13688474,rs78666855
cg12967164,rs4720942
cg10484693,rs2887379
cg27488740,rs28733040
cg00666640,rs28409263
cg05964557,rs882798
cg26464586,rs11754201
cg23745947,rs8027071
cg06704969,rs58473654
cg11496364,rs1739556
cg08351336,rs17358216
cg11310812,rs36018556
cg24902858,rs79614045
cg09104321,rs75046660
cg17551002,rs35572510
cg23818870,rs74724871
cg12552104,rs11972035
cg14081744,rs3842644
cg21708058,rs28364583
cg21077957,rs2748405
cg01759112,rs4796438
cg21253043,rs10876169
cg10111629,rs36061309
cg18100753,rs79044930
cg09428214,rs76232989
cg25615174,rs73716134
cg09613495,rs62414724
cg07830472,rs34883967
cg00087067,rs2913663
cg05274503,rs12871271
cg21194454,rs28970761
cg09702315,rs79558831
cg04725426,rs45517309
cg23519626,rs80073258
cg16404371,rs7309061
cg25209132,rs6121730
cg26187205,rs13069625
cg09499136,rs12209254
cg17256679,rs3138037
cg00674003,rs12602875
cg05101809,rs35644059
cg04020713,rs2280445
cg07120346,rs78359853
cg24885556,rs7295201
cg01571548,rs2910387
cg16682454,rs79756942
cg26840068,rs74153159
cg19819837,rs74996956
cg26583619,rs35916549
cg23600944,rs75275746
cg14742716,rs61742305
cg14286373,rs7974969
cg03986722,rs71206993
cg23029041,rs6789847
cg05347613,rs71501885
cg15583492,rs1937715
cg09945147,rs75826708
cg10648179,rs79559725
cg10879397,rs6876815
cg11766676,rs2492480
cg00928751,rs73998781
cg15591426,rs71474721
cg11750883,rs77426707
cg20366906,rs17853509
cg08393041,rs16859411
cg19801921,rs6662114
cg07537581,rs6712309
cg02167201,rs75516366
cg25138327,rs13002970
cg17054045,rs35655444
cg17841765,rs61766904
cg17451941,rs79176865
cg15450445,rs73817740
cg05137103,rs7757269
cg11966284,rs12567869
cg10318359,rs4783422
cg20535254,rs479273
cg01937819,rs41328849
cg17908657,rs2000390
cg18129282,rs11202686
cg14568552,rs2774104
cg17419888,rs80351465
cg26831825,rs11230983
cg27469606,rs75953628
cg00097645,rs57568862
cg21853331,rs1562538
cg16635480,rs9688941
cg27232482,rs55753017
cg12070022,rs73724324
cg19232929,rs73111518
cg23182836,rs2760700
cg21046202,rs73670747
cg23742930,rs61938914
cg24085707,rs12938833
cg20993764,rs76308340
cg24339704,rs740054
cg17177536,rs2151234
cg03609034,rs13242468
cg06453172,rs59871262
cg08089153,rs491040
cg05939149,rs77649744
cg01091092,rs7162568
cg24617504,rs7780353
cg20300315,rs77279057
cg22796507,rs12724260
cg25979244,rs73093434
cg09432775,rs61738611
cg20912923,rs73505017
cg17719229,rs1064136
cg23480697,rs28729031
cg16503624,rs76688999
cg15239888,rs4804242
cg03510528,rs6482731
cg04888174,rs35082252
cg11114211,rs34412675
cg24168413,rs77395635
cg04987823,rs28433217
cg02680669,rs210663
cg21993464,rs73925405
cg09646578,rs75473252
cg11699334,rs78525619
cg02594607,rs78110965
cg16651126,rs10225507
cg21022029,rs73715216
cg09614786,rs34071461
cg21741679,rs71442320
cg03198029,rs7591197
cg00082235,rs7965594
cg08240383,rs72177247
cg15739881,rs4930027
cg11317254,rs35128141
cg22980453,rs71468432
cg11604182,rs45497893
cg00121339,rs7196077
cg09115216,rs76271786
cg00100762,rs34911202
cg06841902,rs74844701
cg10952063,rs10092608
cg23894086,rs12700784
cg11832281,rs34759962
cg02744713,rs76079247
cg00175709,rs56275771
cg26076948,rs74634667
cg06733602,rs75897365
cg01481609,rs12359671
cg08705382,rs72649529
cg04032181,rs74821541
cg03892103,rs4889856
cg18459405,rs79117479
cg17710334,rs10772895
cg01675953,rs80173072
cg23973162,rs17629790
cg04103410,rs74661644
cg17128024,rs79085214
cg16590189,rs80128492
cg27054055,rs6918829
cg06164660,rs12305855
cg04687409,rs209456
cg18926108,rs72492419
cg22967396,rs2274793
cg24020152,rs13149756
cg27169073,rs35248140
cg05864140,rs1877867
cg08074555,rs3890944
cg26020805,rs34942031
cg00170236,rs72631827
cg16081388,rs3803868
cg24396973,rs35352076
cg14584935,rs74779025
cg07352544,rs10719116
cg11015251,rs10225507
cg01513392,rs35254876
cg02394226,rs35757355
cg20029458,rs8037086
cg14414903,rs77220289
cg13413955,rs80198896
cg23997508,rs3120205
cg05576262,rs76453346
cg02333298,rs17776530
cg22475859,rs60139398
cg18881174,rs72964739
cg00619207,rs78691664
cg14770827,rs12977335
cg26279822,rs73736353
cg10251973,rs7159002
cg06288198,rs28430289
cg14658290,rs17177639
cg00363813,rs57186351
cg10442549,rs3789651
cg06609866,rs166540
cg01475397,rs4142534
cg08727218,rs13199811
cg27420946,rs75599783
cg05394663,rs34663922
cg15461017,rs61931985
cg27626299,rs71659575
cg18055557,rs56051554
cg03729035,rs79280215
cg14299455,rs270787
cg24694879,rs1880841
cg04234971,rs34627768
cg24304093,rs12418214
cg08288942,rs80353971
cg04895246,rs56010758
cg02958014,rs74426721
cg23946364,rs56394744
cg03905718,rs9928576
cg21936464,rs5016436
cg22840780,rs34642962
cg02210147,rs8044864
cg14966941,rs77334570
cg04745064,rs6934737
cg04572706,rs12275229
cg01689404,rs8066318
cg10451940,rs7194275
cg27106673,rs73530485
cg02056809,rs1985776
cg02329670,rs78312845
cg26989898,rs13308715
cg23236325,rs2688143
cg10719363,rs10263303
cg17501823,rs73104771
cg14252059,rs56058285
cg22226131,rs2821052
cg24015522,rs66571797
cg07302677,rs1609545
cg18090577,rs78923843
cg26906285,rs11223351
cg09444405,rs73934310
ch.19.1033996R,rs748888
cg10177154,rs12519858
cg10193420,rs7659229
cg24034715,rs10437151
cg22783327,rs74756597
cg01650904,rs11477723
cg24789143,rs10090565
cg00561194,rs79806277
cg06888460,rs35864573
cg13347910,rs55908477
cg13651876,rs73646385
cg21514291,rs66928747
cg06112554,rs61309531
cg03278643,rs12501367
cg19803052,rs76984628
cg25036886,rs75283322
cg13784235,rs41287534
cg02590401,rs73050916
cg08214693,rs13281371
cg24849831,rs71364027
cg00476282,rs73170477
cg05549655,rs36090160
cg26651837,rs2189223
cg25045666,rs56321587
cg21995304,rs59047550
cg04410715,rs12980315
cg07387335,rs62006196
cg00615835,rs8067306
cg23466749,rs76780500
cg11870561,rs73100013
cg17193096,rs953827
cg16176378,rs4631463
cg13597417,rs1682219
cg05182583,rs3130626
cg14139311,rs74144417
cg27200429,rs10452075
cg01024175,rs78125102
cg27380412,rs7256838
cg24353740,rs3026036
cg19075081,rs78937371
cg24337318,rs8128232
cg26028371,rs61186848
cg08884854,rs569885
cg11085304,rs78779663
cg02888060,rs72347595
cg03631455,rs2910329
cg02064848,rs78125102
cg15393221,rs34366758
cg12584785,rs78281863
cg11299476,rs1556453
cg01187920,rs74779288
cg06551905,rs10113833
cg02769477,rs2761490
cg00237825,rs76073627
cg16243652,rs74399482
cg20327784,rs72233484
cg22603092,rs4523549
cg26924440,rs4912113
cg00763510,rs2295739
cg10527525,rs5028222
cg16760812,rs730713
cg13791351,rs73909871
cg19514721,rs75946773
cg21416600,rs2841099
cg06132502,rs10083645
cg27228272,rs67396441
cg12033297,rs61758728
cg23908943,rs79415863
cg06967316,rs79948107
cg24425531,rs56250631
cg13167730,rs79844051
cg21794066,rs62051411
cg02578944,rs12000
cg03354108,rs74424760
cg27051129,rs74985827
cg09533178,rs79793420
cg12740337,rs60000586
cg13539545,rs76646186
cg03100639,rs45455396
cg06902607,rs57986403
cg06732684,rs11245624
cg08710921,rs61461917
cg24848035,rs2980532
cg05422029,rs6915678
cg15490335,rs76798015
cg01025774,rs6860784
cg11438039,rs79171657
cg03083695,rs59314952
cg07359379,rs76701270
cg08613577,rs9891975
cg08566455,rs7570176
cg09259797,rs7350689
cg06964030,rs5748529
cg03630821,rs2241788
cg22511432,rs79904687
cg07648740,rs76061152
cg00498772,rs12926900
cg15384589,rs35553588
cg05683630,rs1309311
cg20560283,rs17209135
cg08478116,rs13850
cg00924265,rs62502410
cg01314391,rs61103857
cg03108250,rs77425697
cg25247122,rs76324284
cg11744144,rs33954211
cg04467618,rs78733835
cg05167973,rs1056832
cg26785702,rs56028557
cg00106345,rs76990950
cg04750421,rs75666069
cg18024113,rs79311784
cg10660256,rs1050824
cg00097146,rs338074
cg21680719,rs11211085
cg02425416,rs17885389
cg17029193,rs301813
cg06664465,rs7202572
cg17154218,rs75732878
cg01345315,rs275604
cg00732878,rs11675095
cg10364645,rs4410395
cg01745499,rs73744849
cg17939585,rs78955443
cg12136274,rs61579802
cg16944597,rs76241512
cg20537629,rs17152525
cg04574507,rs3181084
cg13111263,rs2840941
cg14339991,rs17534941
cg02305757,rs75441345
cg08857994,rs6744055
cg10523198,rs9582361
cg14022090,rs75368711
cg13114497,rs28584523
cg00929496,rs78445649
cg00950343,rs10515439
cg18454510,rs74474126
cg15975217,rs13142902
cg12235788,rs79284445
cg17051543,rs5789160
cg03024301,rs73742612
cg17164954,rs59609031
cg24544320,rs41314270
cg12306333,rs68086031
cg08260891,rs3817731
cg06708634,rs71757951
cg19317715,rs35154433
cg26142965,rs61734862
cg10186456,rs17659759
cg16929496,rs75196460
cg00238510,rs4670890
cg08690876,rs78356298
cg22319147,rs17678927
cg17306747,rs2617598
cg02286091,rs1050824
cg04063936,rs2340962
cg13420934,rs17548441
cg27371125,rs11246108
cg11563680,rs78841305
cg21047695,rs1904574
cg25582189,rs7724501
cg26214742,rs13162936
cg19116959,rs75562738
cg21428710,rs73104771
cg00455386,rs73163252
cg17838697,rs8081284
cg19037007,rs910857
cg00084798,rs36077428
cg13062137,rs3174744
cg07364927,rs74143109
cg04689606,rs7902414
ch.2.1904845F,rs75369035
cg26553501,rs445618
cg25044876,rs6002848
cg11234688,rs76879059
cg08097631,rs61980703
cg18628732,rs9261448
cg23590216,rs11549919
cg17682949,rs55715900
cg24437737,rs71622635
cg12010198,rs2730069
cg21885361,rs6942813
cg11627823,rs2727474
cg25790298,rs9877284
cg25156960,rs11766251
cg10003032,rs71531360
cg15618525,rs17080406
cg08419450,rs74863748
cg09211265,rs71425411
cg24298696,rs56049770
cg07059009,rs77277975
cg27454064,rs7308850
cg18704201,rs62165998
cg27056742,rs12073711
cg10244666,rs5030259
cg05881808,rs2516751
cg06263395,rs3964745
cg09227064,rs74884029
cg13092901,rs73891271
cg00995807,rs3212064
cg04024799,rs34754014
cg26276327,rs4925625
cg03678566,rs2472400
cg06945697,rs60948280
cg16077055,rs35671530
cg12280471,rs28937896
cg06427176,rs73808429
cg20051949,rs80280776
cg24783499,rs12543128
cg19466563,rs56290983
cg26926768,rs34984417
cg09852221,rs1774014
cg08037115,rs61577366
cg16921285,rs76806575
cg22272803,rs74969553
cg27131891,rs79018549
cg18031134,rs41557518
cg01081346,rs3810647
cg19553402,rs78955443
cg24914661,rs6739414
cg07658590,rs36230814
cg19759135,rs75759006
cg06306006,rs79684711
cg25623524,rs78109376
cg11334728,rs71452578
cg07807165,rs6701161
cg21366688,rs7755303
cg09618197,rs450176
cg15916646,rs17501125
cg14641231,rs10908153
cg26315667,rs10865521
cg03916630,rs34608530
cg02266086,rs13437061
cg27326113,rs7018395
cg12525219,rs61709528
cg13638420,rs77801880
cg17435250,rs78754793
cg02746852,rs72984511
cg04614923,rs76256337
cg06835156,rs17660210
cg13871826,rs9658577
cg11710912,rs36023398
cg00491180,rs77261105
cg24119869,rs17606773
cg23891273,rs11110905
cg18114946,rs17875402
cg26344818,rs6980601
cg26665679,rs6599439
cg27635653,rs13330647
cg22380663,rs3982816
cg02117656,rs34872037
cg00508950,rs28655815
cg21647035,rs1566145
cg08764162,rs79523820
cg06588556,rs35864573
cg07384708,rs2303811
cg19415202,rs2851119
cg08384155,rs35676119
cg20716653,rs1061778
cg18252424,rs73817629
cg14176930,rs6934146
cg01059331,rs61769526
cg15303329,rs73073725
cg06617961,rs418602
cg24686845,rs4761473
cg11870956,rs3094092
cg14813083,rs35864573
cg06187584,rs28656970
cg09357350,rs74789523
cg04336859,rs73557352
cg15491094,rs17756201
cg16762794,rs79545006
cg03852551,rs928346
cg07494887,rs1739510
cg15636519,rs3024907
cg21503275,rs36103282
cg03557445,rs15734
cg01905773,rs72850688
cg21720373,rs74798626
cg18037376,rs80162105
cg00099427,rs2494486
cg15876825,rs11708985
cg15126179,rs75062203
cg14387505,rs4499252
cg07325168,rs11977159
cg21609154,rs75876979
cg05203671,rs61968858
cg08361180,rs74681963
cg13620317,rs79960839
cg15947176,rs77439165
cg05194102,rs1057180
cg14095048,rs12172348
cg14484844,rs4880126
cg12056017,rs13402734
cg10070185,rs17090754
cg00767496,rs7164602
cg06447795,rs6068985
cg14507433,rs7021757
cg04092883,rs7555655
cg05903289,rs13405249
cg19631472,rs2403278
cg27485223,rs79154362
cg20191030,rs4335482
cg14576951,rs79932748
cg00847826,rs35262473
cg04747619,rs55859787
cg10379476,rs5743866
ch.16.13300564R,rs74014649
cg08694858,rs3962339
cg03308240,rs2170422
cg02956542,rs73016428
cg02152290,rs75144654
cg00786165,rs62486940
cg20300343,rs55920718
cg06849167,rs2956396
cg14174317,rs55716361
cg01204772,rs72024126
cg01019587,rs78652256
cg00004963,rs259389
cg06121808,rs4849091
cg00239563,rs12711161
cg01415903,rs10278249
cg18126613,rs72092352
cg13520651,rs72928519
cg00517535,rs13127376
cg11331445,rs7976413
cg20134287,rs56966675
cg26401028,rs35919694
cg03409187,rs2294747
cg19049837,rs6729286
cg18886239,rs12138144
cg14369981,rs10739679
cg27391679,rs28937898
cg19252565,rs77633657
cg23475109,rs75696188
cg20426710,rs5845910
cg18648932,rs1882198
cg06792538,rs67908307
cg00887966,rs77180957
cg02771117,rs34351144
cg25592413,rs77127337
cg26054842,rs12539599
cg10365469,rs77633657
cg09673570,rs16911185
cg24403487,rs2466773
cg14854503,rs1552776
cg15476396,rs2034249
cg01816633,rs77756122
cg21452188,rs77728176
cg04275695,rs78087665
cg21618418,rs2613525
cg09984479,rs75196946
cg16145235,rs76223444
cg13483099,rs13432120
cg17478893,rs11774603
cg01296532,rs73013643
cg03402459,rs389419
cg13592064,rs17060639
cg01914314,rs6884053
cg10821226,rs28729037
cg22879289,rs75363917
cg09374462,rs77756122
cg00305629,rs76653212
cg19384241,rs11396095
cg14337027,rs2280354
cg11100126,rs75599783
cg13758543,rs76469467
cg13081009,rs72864290
cg03578464,rs45495795
cg19690984,rs2294747
cg04114723,rs181265
cg14185229,rs76662288
cg03983639,rs4711172
cg10936841,rs75884378
cg13100190,rs9374425
cg13418710,rs34317261
cg10727432,rs79106411
cg18087694,rs12463342
cg02144647,rs76426618
cg11276044,rs2854784
cg01725474,rs78651905
cg26978064,rs34962831
cg21848788,rs17065743
cg16455894,rs77667903
cg06776976,rs35983596
cg08690094,rs1684102
cg07497536,rs75260898
cg23729777,rs62035274
cg05372113,rs57082577
cg05428299,rs74504686
cg05111645,rs79596037
cg06466582,rs34897555
cg26926002,rs74983968
cg03473042,rs28578388
cg07788167,rs35591890
cg06626898,rs74156378
cg07015749,rs35629555
cg08816590,rs1874308
cg11301795,rs79339514
cg00906908,rs78972582
cg21524538,rs6041464
cg08001580,rs9774297
cg26308909,rs80321819
cg02286809,rs76360305
cg24905797,rs74217993
cg12039595,rs60165190
cg06055873,rs72221474
cg08896420,rs79889512
cg25950668,rs75696188
cg16385583,rs34590835
cg15995695,rs56147147
cg01668653,rs2817054
cg27234929,rs74888421
cg05345310,rs76426618
cg18621755,rs76672067
cg24340795,rs79542383
cg15133201,rs75948977
cg20334313,rs74517185
cg00822030,rs35732565
cg06241101,rs11870285
cg26289712,rs78859147
cg08694149,rs75007206
cg09243507,rs78907160
cg06533319,rs3129320
cg16582891,rs76076818
cg26422784,rs56196602
cg01971160,rs17622606
cg11724590,rs11847083
cg17201227,rs9493332
cg04290835,rs78602442
cg06951265,rs918209
cg03891905,rs2980148
cg01571928,rs78026666
cg12163871,rs73565155
cg09284209,rs34986666
cg26743132,rs78997587
cg27520776,rs75691761
cg06640822,rs80256975
cg21911276,rs78346570
cg02645295,rs2276400
cg07712663,rs76820058
cg01727105,rs3821021
cg12666403,rs34067246
cg00584422,rs74012354
cg17036641,rs1062164
cg10416668,rs74968150
cg17945053,rs7247163
cg14196170,rs77254376
cg10335230,rs1944889
cg05765796,rs35706186
cg21759837,rs75637924
cg21468949,rs17177681
cg01597784,rs446603
cg16591659,rs8068425
cg27508055,rs10207619
cg26470175,rs79737182
cg02901136,rs4323654
cg03810608,rs35198576
cg05932351,rs41289111
cg08527161,rs34642230
cg04736751,rs75047157
cg00701856,rs1574225
cg15148933,rs74628393
cg22689280,rs13057052
cg24657816,rs71602727
cg01572652,rs1133634
cg16566165,rs6068985
cg02989255,rs61744970
cg16593899,rs74331509
cg18438894,rs7538587
cg05828925,rs2170511
cg10172675,rs79762980
cg11645306,rs75475864
cg00294550,rs72806131
cg26989175,rs77578715
cg20383521,rs75843578
cg16854200,rs71532852
cg16532185,rs12066605
cg16378117,rs75761674
cg19024197,rs73918288
cg01932361,rs68173841
cg11165391,rs12074218
